{
    "defaultSeverity": "error",
    "extends": ["tslint-config-airbnb"],
    "jsRules": {},
    "rules": {
        "max-line-length": {
            "options": {
                "limit": 160
            },
            "severity": "error"
        },
        "variable-name": [true, "allow-snake-case"],
        "no-parameter-reassignment": false,
        "object-shorthand-properties-first": false,
        "indent": [true, "spaces", 4],
        "ter-indent": [4],
        "no-any": true,
        "no-consecutive-blank-lines": false
    },
    "rulesDirectory": [],
    "autoFixOnSave": true
}
